time,count
09-10,24465
10-11,22591
08-09,21535
11-12,20189
12-13,19465
13-14,18918
14-15,17036
15-16,15881
16-17,14326
07-08,13309
17-18,12553
18-19,11737
19-20,8910
20-21,6914
06-07,5854
21-22,5217
22-23,3814
23-24,2830
00-01,1600
05-06,1593
01-02,971
02-03,598
04-05,544
03-04,524
